Sample_ID,TP53_Mutation,BRCA1_Mutation,TP53_Exp,MDM2_Exp,CDKN1A_Exp,VEGFA_Exp,Label
S_01,Missense,Wild_Type,1.2,4.5,0.5,3.8,Cancer
S_02,Nonsense,Mutant,0.4,5.1,0.2,4.2,Cancer
S_03,Frameshift,Wild_Type,0.8,4.8,0.4,3.5,Cancer
S_04,Wild_Type,Wild_Type,3.5,1.2,3.1,0.5,Normal
S_05,Wild_Type,Wild_Type,3.8,1.1,3.4,0.4,Normal
S_06,Wild_Type,Wild_Type,3.2,0.9,2.8,0.6,Normal
S_07,Missense,Mutant,1.5,4.2,0.6,3.9,Cancer
S_08,Wild_Type,Wild_Type,3.6,1.3,3.0,0.5,Normal
S_09,Nonsense,Wild_Type,0.5,5.3,0.1,4.5,Cancer
S_10,Wild_Type,Wild_Type,3.4,1.0,3.2,0.7,Normal
